9000,"Reasonableness and Inequality in Rawls's Defense of Global Justice",0001-6810,"Stevens, David","Political Science/Political Theory and Philosophy/Poverty, Inequality, and Rights/Social Justice           "
9001,"Tourism and Deforestation in the Mt Everest Region of Nepal",0016-7398,"Stevens, Stan","History/Environmental History/Forests/Market economics           "
9002,"Gender in Psychology",0066-4352,"Stewart, Abigail J.; McDermott, Christa","Social Psychology/Applied Social Psychology/Gender Issues           "
9003,"Aid in the 21st Century: Reconciling the Real and the Desirable",1011-6370,"Stewart, Frances","Economics/Globalization/Economic Assistance           /           /Political Science/International Relations/NorthSouth Relations and Politics of Development"
9004,"Global Environmental Management: An Exploration of the World Summit on Sustainable Development",0258-2422,"Steyn, Phia","History/Environmental History/Environmental Movements and Civil Society/Transnationalism           "
9005,"The Contributions of the Economics of Information to Twentieth Century Economics",0033-5533,"Stiglitz, Joseph E.","Economics/Growth, Allocation and Distribution/Factors of Growth/Theory           /           /Economics/Economics as a Social Science/Psychology and Behavior"
9006,"Capital Market Liberalization, Economic Growth, and Instability",0305-750X,"Stiglitz, Joseph E.","Economics/Growth, Allocation and Distribution/Theories and Methods/Capital Theory           "
9007,"Capital Market Liberalization and Exchange Rate Regimes: Risk without Reward",0002-7162,"Stiglitz, Joseph E.","Economics/Globalization/Financial Globalization           "
9008,"New Perspectives on Public Finance: Recent Achievements and Future Challenges",0047-2727,"Stiglitz, Joseph E.","Economics/Economic Policy/Financial Crises and Recovery Efforts           "
9009,"Employment, Social Justice, and Societal Well-Being",0020-7780,"Stiglitz, Joseph E.","Economics/WellBeing/Theory and Justice           "
9010,"Development Policies in a World of Globalization",1842776347,"Stiglitz, Joseph E.","Economics/Globalization/Evaluation and Assessment of Globalization           /           /Economics/Economic Policy/Neoliberal Regime/           /Economics/Economic Policy/Development Policy/           /Economics/Economic Policy/Economic Management and Reforms/           /Economics/Development/Development Theory and Critique/Theory"
9011,"Transnational Activist Networks and the Emergence of Labor Internationalism in the NAFTA Countries",0145-5532,"Stillerman, Joel","History/World/Global History/Borders and Regions/Political Activity           "
9012,"Ending Revolutions And Building New Governments",NO ISBN FOUND,"Stinchcombe, Arthur L.","Political Science/Political Theory and Philosophy/Concepts/Other           "
9013,"Dumping on Free Trade: The U.S. Import Trade Laws",0038-4038,"Stiglitz, Joseph E.","Economics/Globalization/Global Trade           "
9014,"Administration versus Management: A Reading from Beyond the Boundaries",0095-3997,"Stivers, Camilla","Political Science/Public Administration/Theory and Research           "
9015,"Political Parties And Democracy",NO ISBN FOUND,"Stokes, Susan Carol","Political Science/Political Theory and Philosophy/Systems, Legitimacy and Law/Other           "
9016,"Talking Culture: New Boundaries, New Rhetorics of Exclusion in Europe",0011-3204,"Stolcke, Verena","Anthropology/Social/Cultural Anthropology/Social Organization, Identity and Segregation           "
9017,"Sociological Miniaturism: Seeing the Big Through the Small in Social Psychology",0360-0572,"Stolte, John F.; Fine, Gary Alan; Cook, Karen S.","Social Psychology/Approaches to Social Psychology/Sociological Approaches           "
9018,"Should Trees Have Standing? Toward Legal Rights for Natural Objects",0038-3910,"Stone, Christopher D.","Economics/Economic Policy/Environment/Gender and Social Issues           "
9019,"Characteristics of Children, Caregivers, and Orphanages for Young Children in St. Petersburg, Russian Federation",0193-3973,"The St Petersburg-USA Orphanage Research Team","History/Social and Cultural History/Childhood/Orphanages           "
9020,"Institutional Design and Power Relations in the African Development Bank",1569-2094,"Strand, Jonathan R.","History/Political History/Governance/Leadership Examples (Good and Bad): NonWestern           "
9021,"What is Sustainable Agriculture?",0660618621,"Strang, Nicole","Economics/Development/Agrarian Economy and Society/Sustainable Agriculture           "
9022,"Global Prospects in an Interdependent World",0305-750X,"Streeten, Paul","Political Science/International Relations/Globalization/Politics of Globalization           "
9023,"Markets and States: Against Minimalism",0305-750X,"Streeten, Paul","Economics/Economics as a Social Science/Policy           "
9024,"The Special Problems of Small Countries",0305-750X,"Streeten, Paul","Economics/Globalization/Global Trade           "
9025,"The Evolution of Development Thought",0521482763,"Streeten, Paul","Economics/Development/Sustainability/Growth vs. Development           "
9026,"Nongovernmental Organizations and Development",0002-7162,"Streeten, Paul","Economics/Development/Institutions           "
9027,"Globalization and its Impact on Development Co-Operation",1011-6370,"Streeten, Paul","Political Science/International Relations/Global Treaties and Institutions/Multilateral Institutions and Treaties           "
9028,"Sexuality, Power, and Social Order in Cartagena, Colombia",0014-1828,"Streicker, Joel","Sociology/Political Sociology/Gender/Power           "
9029,"The Effects of Kin on Primate Life Histories",NO ISBN FOUND,"Strier, Karen B.","Anthropology/Biological/Physical Anthropology/Human Adaptation           "
9030,"Kinship Foster Care and Foster Care in the Netherlands",0190-7409,"Strijker, Johan; Zandberg, Tjalling; Van der Meulen, Bieuwe F.","Sociology/Family and Kinship/WellBeing and Family           "
9031,"Crafting Political Institutions in Africa Electoral Systems and Systems of Government in Rwanda and Zambia Compared",NO ISBN FOUND,"Stroh, Alexander","Political Science/Comparative Politics/Elections, Electoral Systems, and Political Participation/Political Parties, Interest Groups, and Elections           "
9032,"Anthropology of Tourism: Forging New Ground for Ecotourism and Other Alternatives",NO ISBN FOUND,"Stronza, Amanda","Anthropology/Social/Cultural Anthropology/Subsistence and Economic Practices, Organization, and Structure/Economics and Culture           "
9033,"Meanings of Basic Values for Women and Men: A Cross-cultural Analysis",0146-1672,"Struch, Naomi; Schwartz, Shalom H.; Van der Kloot, Willem A.","Social Psychology/Applied Social Psychology/Gender Issues           "
9034,"The Vitalization of Symbolic Interactionism",0190-2725,"Stryker, Sheldon","Social Psychology/Approaches to Social Psychology/Various Modern Theories           "
9035,"International Non-State Actors and Social Development Policy",1468-0181,"Stubbs, Paul","Sociology/Political Sociology/The State           "
9036,"The Future of Affirmative Action: Reclaiming the Innovative Ideal",0008-1221,"Sturm, Susan; Guinier, Lani","Political Science/Public Policy/Social Welfare/Ethics and Equity           "
9037,"HIV-Related Stigma in the Netherlands",NO ISBN FOUND,"Stutterheim, Sarah E.; Bos, Arjan E. R.; Schaalma, Herman P.","Social Psychology/Social Cognition/Prejudice, Stigma and Discrimination           "
9038,"What is Globalisation and What is Not?: A Political Economy Perspective",NO ISBN FOUND,"Subasat, Turan","Economics/Globalization/Evaluation and Assessment of Globalization           "
9039,"The Impact of Globalization on Women's Reproductive Health and Rights: A Regional Perspective",1011-6370,"Subramaniam, Vanitha","Economics/Globalization/Globalization and Women           "
9040,"Territorial Development Reconsidered",NO ISBN FOUND,"Suchacek, Jan","Economics/Globalization/Culture and Consumption           "
9041,"On the Emergence of Glocalisation",NO ISBN FOUND,"Suchacek, Jan","Economics/Globalization/Evaluation and Assessment of Globalization           "
9042,"Psychology's Contributions to Understanding Persecution and Genocide",0708-5591,"Suedfeld, Peter","Social Psychology/Applied Social Psychology/War, Conflict, and Terrorism           "
9043,"Schizophrenia in Palau: A Biocultural Analysis",NO ISBN FOUND,"Sullivan, Roger J.; Allen, John S.; Nero, Karen L.","Anthropology/Social/Cultural Anthropology/Health and Medical Anthropology           "
9044,"The Subjectivity of Welfare",0014-1704,"Sumner, L. W.","Philosophy/WellBeing/Concepts of WellBeing/Objective and Subjective Accounts           "
9045,"Something in Between",198235844,"Sumner, L. W.","Philosophy/WellBeing/Concepts of WellBeing/WellBeing and Morality           "
9046,"Happiness Now and Then",920980791,"Sumner, L. W.","Philosophy/WellBeing/Classics/Ancient           "
9047,"Other Networks: Media Urbanism and the Culture of the Copy in South Asia",NO ISBN FOUND,"Sundaram, Ravi","Anthropology/Social/Cultural Anthropology/Media and Technology           "
9048,"Caste as Census Category: Implications for Sociology",0011-3921,"Sundar, Nandini","Sociology/Culture and Society/Tribal Society, Race and Caste           "
9049,"Food and History",0022-4529,"Super, John C.","History/Social and Cultural History/Cuisine/Commercialization/Production           "
9050,"Bilingual Education on an Uneven Playfield: The Kenyan Case",8755-3449,"Sure, Kembo","Sociology/Culture and Society/Ethnicity, Language, and Culture           "
9051,"Democratic Transition and Consolidation in South Africa: the Advice of 'the Experts'",0011-3921,"Suttner, Raymond","Sociology/Political Sociology/Social Movements/Struggles of the Oppressed           "
9052,"Utopianism from Orientation to Agency: What Are We Intellectuals Under Post-Fordism To Do?",1045-991X,"Suvin, Darko","Economics/Economics as a Social Science/Philosophy, Sociology of Economics           "
9053,"Consumers, Industrialists and the Political Economy of Green Taxation: CO2 Taxation in OECD",0301-4215,"Svendsen, Gert Tinggaard","Economics/Economic Policy/Environment/Markets           "
9054,"Economic Growth and the Persistence of Child Labor: Evidence from an Indian City",0305-750X,"Swaminathan, Madhura","Economics/Growth, Allocation and Distribution/Labor and Employment/Child Labor           "
9055,"Neo-fascism and the Religious Right",0018-7399,"Swomley, John M.","Political Science/Comparative Politics/Political Systems, Processes and Transition/Fascism and NeoFascism           /           /Political Science/Political Theory and Philosophy/Systems, Legitimacy and Law/Fascism and NeoFascism"
9056,"Ecological Risks and Community Perceptions of Fairness and Justice: A Cross-Cultural Model",0272-4332,"Syme, Geoffrey; Kals, Elisabeth; Nancarrow, Blaire; Montada, Leo","Philosophy/Rights and Justice/Future Generations           /           /Political Science/Political Theory and Philosophy/Ethics"
9057,"Equality and Nationality",0032-3292,"Sypnowich, Christine","Political Science/Comparative Politics/Social Movements           "
9058,"The Culture of Citizenship",0032-3292,"Sypnowich, Christine","Economics/WellBeing/Government and WellBeing           "
9059,"Shell Artefact Production at 32,000-28,000 BP in Island Southeast Asia: Thinking across Media?",NO ISBN FOUND,"Szabo, Katherine; Brumm, Adam; Bellwood, Peter","Anthropology/Archaeology/Ethnoarchaeology           "
9060,"Explaining Success and Failure in Development",NO ISBN FOUND,"Szirmai, Adam","Economics/Growth, Allocation and Distribution/Factors of Growth/Productivity           /           /Economics/Development/Development Theory and Critique/Approaches and Prerequisites"
9061,"Archaeology of Overshoot and Collapse",NO ISBN FOUND,"Tainter, Joseph A.","Anthropology/Archaeology/Historical Archaeology           /           /Anthropology/Social/Cultural Anthropology/Ecology and Resource Conservation"
9062,"Urban Villages as Self-Sufficient, Integrated Communities: A Case Study in London's Docklands",1357-5317,"Tait, Malcolm","Sociology/Urban Sociology/Town and Country           "
9063,"The Socio-Spatial Stigmatization of Homelessness and HIV/AIDS: Toward an Explanation of the NIMBY Syndrome",0277-9536,"Takahashi, Lois M.","Social Psychology/Social Cognition/Prejudice, Stigma and Discrimination           "
9064,"Rationalization of State and Society: A Weberian View of Early Japan",1069-4404,"Takayama, K. Peter","Sociology/Sociology of Religion/Nationalism           /           /Sociology/Political Sociology/The State"
9065,"Precis of 'A Pragmatist Philosophy of Democracy'",NO ISBN FOUND,"Talisse, Robert","Philosophy/Rights and Justice/Distributive Justice/Political Philosophy and Theories of Justice           "
9066,"Differences in Growth with International Capital Markets and Financial Innovation",1083-0898,"Tallo, Fernando Perera","Economics/Growth, Allocation and Distribution/Technology and Technical Change/Financial Sector           "
9067,"A Colonization Project at the Orders of the Argentine National State in 1869",1519-3861,"Tamagnini, Marcela; Zavala, Graciana Perez","History/Political History/Colonial/Postcolonial History           "
9068,"Turncoat Bodies: Sexuality and Sex Work under Militarization in Sri Lanka",0891-2432,"Tambiah, Yasmin","Anthropology/Social/Cultural Anthropology/Gender           "
9069,"Open the Antisystemic Movements: The Book, the Concept, and the Reality",0147-9032,"Tamdgidi, Mohammad H.","Political Science/Political Theory and Philosophy/Power, Alliance, and Hegemony/Globalization/PostCold War Power Balance           "
9070,"Stalin's Role in the Communist Victory in China",1535-0940,"Tang, Peter S. H.","History/World/Global History/Geopolitics/Cold War           "
9071,"Illegal Immigrants and the Labour Market",0029-7054,"Tapinos, Georges","Economics/Development/Population and Quality of Life/Migration           "
9072,"Islamic Anthropology and the “Anthropology of Islam”",0003-5491,"Tapper, Richard","Anthropology/Methods and Approaches/Idealism           "
9073,"Globalisation and Pharmaceuticals",0029-7054,"Tarabusi, Claudio Casadio; Vickery, Graham","Economics/Economic Policy/Market Formation and Regulation           "
9074,"Emotion in Archaeology",0011-3204,"Tarlow, Sarah","Anthropology/Archaeology/Archaeological Theory/Archaeometry           "
9075,"Cyber-Buddhism and Changing Urban Space in Thailand",1206-3312,"Taylor, Jim","Anthropology/Social/Cultural Anthropology/Religion           "
9076,"Rights and Responsibilities of the Press in the Frontline States",0345-2328,"Tegambwage, Ndimara","History/Social and Cultural History/Communication/Media/News Services           "
9077,"Small Firms and Their Helpers: Lessons on Demand",0305-750X,"Tendler, Judith; Amorim, Monica Alves","Economics/Development/Poverty and Inequality/Income and Employment           "
9078,"Crisis and Changes: Topics in Late Twentieth-Century Shipping History",0843-8714,"Tenold, Stig","History/Economic History/Business and Corporations/Transportation           "
9079,"Ethnocentrism as a Form of Intuition in Psychology",0959-3543,"Teo, Thomas; Febrraro, Angela","Social Psychology/Approaches to Social Psychology/Critical Psychology           "
9080,"Isumagijaksaq: Mindful of the State: Social Constructions of Inuit Suicide",0277-9536,"Tester, Frank James; McNicoll, Paule","Social Psychology/Social Cognition/Eurocentrism, Colonial and PostColonial Issues           "
9081,"Lean Citizenship: The Fading Away of the Political in Transnational Democracy",1354-0661,"Thaa, Winfried","Political Science/International Relations/Globalization/Politics of Globalization           "
9082,"Interpretations of Ancient Indian History",0018-2656,"Thapar, Romila","History/World/Global History/Empires/Imperialism/Historiography           "
9083,"The Mixed Economy of the South Indian Kurumbas",0014-1828,"Tharakan, C. George","Economics/Development/Agrarian Economy and Society/Peasant and Informal Economies           "
9084,"Why America Still Needs the United Nations",0015-7120,"Tharoor, Shashi","Political Science/International Relations/Global Treaties and Institutions/Multilateral Institutions and Treaties           "
9085,"Historical Institutionalism In Comparative Politics",NO ISBN FOUND,"Thelen, Kathleen","Political Science/Political Theory and Philosophy/Approach, Critique, and Methodology of Political Theory and Philosophy           "
9086,"Back to Norms! On the Scope and Dynamics of Norms and Normative Action",0011-3921,"Therborn, Goran","Sociology/Culture and Society/Sociological Theory           "
9087,"Entangled Modernities",1368-4310,"Therborn, Goran","Sociology/Political Sociology/Modernization/Modernity           "
9088,"Multiple Identities and Psychological Well-Being",0003-1224,"Thoits, Peggy","Social Psychology/Social Cognition/Identity           "
9089,"Microchips and Macroharvests: Labor-Management Relations in Agriculture",306424509,"Thomas, Robert J.","Economics/Economic Policy/Food and Agricultural Policies           "
9090,"Psychological Privilege and Ethnocentrism as Barriers to Cross-Cultural Adjustment and Effective Intercultural Interactions",1048-9843,"Thomas, Kecia M.","Social Psychology/Group Dynamics/InGroup/OutGroup Dynamics           "
9091,"Religions in Global Civil Society",1069-4404,"Thomas, George M.","Sociology/Sociology of Religion/State, Public Sphere, Society, and Religion           "
9092,"The Consequences of Communicating Social Stereotypes",0022-1031,"Thompson, Micah S.; Judd, Charles M.; Park, Bernadette","Social Psychology/Social Cognition/Prejudice, Stigma and Discrimination           "
9093,"Universalism and Deconcentration: Why Race Still Matters in Poverty and Economic Development",0032-3292,"Thompson, J. Phillip III.","Political Science/Public Policy/Social Welfare/Ethics and Equity           "
9094,"Reinventing Government",NO ISBN FOUND,"Thompson, Frank J.","Political Science/Political Theory and Philosophy/Approach, Critique, and Methodology of Political Theory and Philosophy           "
9095,"How Much Did the Liberty Shipbuilders Learn? New Evidence for an Old Case Study",0022-3808,"Thompson, Peter","History/Economic History/Business and Corporations/Construction           "
9096,"Terrorism and the Right to Wage War",522850499,"Thompson, Janna","History/Political History/Crisis/Transitions/Revolutions/Terrorism           "
9097,"Food Security and Sustainable Livelihoods: The Policy Challenge",1011-6370,"Thomson, Anne M.","Economics/Economic Policy/Welfare           "
9098,"Articulating Experience",1463-4996,"Throop, C. Jason","Anthropology/Methods and Approaches/Cognitive Approaches           "
9099,"Transition in Sub-Saharan Africa: Agriculture, Urbanization and Income Growth",0305-750X,"Tiffen, Mary","Economics/Development/Agrarian Economy and Society/Agriculture and Industry           "
9100,"War Making and State Making As Organized Crime",521313139,"Tilly, Charles","Political Science/International Relations/Conflict, Peace, and Security/War and Conflict Resolution           "
9101,"What Have We Learned? The Role of Government in Agricultural Development",1701-9680,"Timmer, C. Peter","Economics/Economic Policy/Food and Agricultural Policies           /           /Economics/Development/Development Theory and Critique/Theory/           /Economics/Economic Policy/Development Policy"
9102,"Getting Agriculture Moving: Do Markets Provide the Right Signals?",0306-9192,"Timmer, C. Peter","Economics/Growth, Allocation and Distribution/Factors of Growth/Agriculture           "
9103,"The United Nations Environment Programme and the United Nations Development Programme",1853832448,"Timoshenko, Alexandre; Berman, Mark","Economics/Globalization/Multilateral Institutions: Bretton Woods System           /           /Political Science/International Relations/Global Treaties and Institutions/Multilateral Institutions and Treaties"
9104,"GNP and Market Prices: Wrong Signals for Sustainable Economic Success That Mask Environmental Destruction",1559631996,"Tinbergen, Jan; Hueting, Roefie","Economics/Development/Markets/Markets and Planning           /           /Economics/Economic Policy/Environment/Sustainability/           /Economics/WellBeing/Evaluation of WellBeing"
9105,"Local Communities, Conservation and Sustainability: Institutional Change, Altered Governance and Kant's Social Philosophy",0306-8293,"Tisdell, Clem","Economics/Globalization/Transnational Corporations           "
9106,"Urbanity: Influences of Urbanness, Structure, and Culture",0049-089X,"Tittle, Charles R.; Grasmick, Harold G.","Sociology/Urban Sociology/Social Organization           "
9107,"Income Expectations, Rural-Urban Migration and Employment in Africa",0020-7780,"Todaro, Michael","Economics/Development/Population and Quality of Life/Migration           "
9108,"Women's Rights in the Muslim World: The Universal-Particular Interplay",1569-2078,"Tohidi, Nayereh","Political Science/International Relations/Poverty, Inequality, and Rights/Women's Issues           "
9109,"Family Violence",0066-4353,"Tolan, Patrick; Gorman-Smith, Deborah; Henry, David","Social Psychology/Applied Social Psychology/Aggression, Violence and AntiSocial Behavior           "
9110,"Potlatching and Political Organization among the Northwest Coast Indians",0014-1828,"Tollefson, Kenneth D.","Anthropology/Social/Cultural Anthropology/Political Practices, Organization, and Structure/Politics, Power, and Culture           "
9111,"Snoqualmie Ethnicity: Community and Continuity",0095-182X,"Tollefson, Kenneth D.; Abbott, Martin L.","Political Science/Comparative Politics/Political Systems, Processes and Transition/Tribalism and Acephalous Societies           "
9112,"The Limitations of Religious Environmentalism for India",1363-5247 (Print), 1568-5357 (Online),"Tomalin, Emma","History/Environmental History/Ideas and Thinkers/Theory           "
9113,"The Difficulty in Defining Sustainability",0048-7376,"Toman, Michael A.","Economics/Development/Sustainability/Definitions           "
9114,"The Human Firm in the Natural Environment: A Socio-Economic Analysis of Its Behavior",0921-8009,"Tomer, John F.","Economics/Development/Markets/Social Values           "
9115,"Imagining Cultural Spaces",0308-518X,"Tomlinson, John","Anthropology/Social/Cultural Anthropology/Culture/Globalization           "
9116,"Subjectivity: Marxism and “The Spiritual” in China Since Mao",0031-8221,"Tongqi, Lin","Economics/Economics as a Social Science/Economic Ideas/Marx and Marxism           "
9117,"Interweaving spheres. Networking, strategy creation and social change in a new Japanese village",NO ISBN FOUND,"Torsello, Davide","Anthropology/Social/Cultural Anthropology/Social Organization, Identity and Segregation           "
9118,"On the Frontier of Social Movements",0011-3921,"Touraine, Alain","Sociology/Political Sociology/Social Movements/Against Modern Concentrations of Power           "
9119,"What Is Tourism's History?",02615177,"Towner, John","History/Social and Cultural History/Tourism           "
9120,"Is the Entropy Law Relevant to the Economics of Natural Resource Scarcity?: Comment ",0095-0696,"Townsend, Kenneth N.","Economics/Development/Ecology and Habitat           "
9121,"Steady-State Economies and the Command Economy",0262041332,"Townsend, Kenneth N.","Economics/Economic Policy/Environment/Theory and Policy Analysis           "
9122,"Burying the White Gods: New Perspectives on the Conquest of Mexico",0002-8762,"Townsend, Camilla","History/World/Global History/Empires/Imperialism/Rise/Fall           "
9123,"Environmental Significance of Development Theory",0921-8009,"Trainer, F. E.","Economics/Growth, Allocation and Distribution/Problems with Growth/Limits to Growth           "
9124,"Material Well-Being and Human Well-Being",195533607,"Travers, Peter; Richardson, Sue","Economics/WellBeing/Evaluation of WellBeing           "
9125,"On Postcolonial Subjectivity",0533-3164,"Treacher, Amal","Social Psychology/Approaches to Social Psychology/Indigenous, NonWestern and PostColonialist Approaches           "
9126,"King Alexander's Coup of January 6, 1929: The American Response",0742-3330,"Treadway, John D.","History/World/Global History/Geopolitics/Diplomacy           "
9127,"'The Self' and 'The Other' in Disciplinary Anthropology",NO ISBN FOUND,"Tremlett, Paul-Francois","Anthropology/Methods and Approaches/Structuralism and PostStructuralism           "
9128,"On Going Native: Thomas Kuhn and Anthropological Method",0048-3931,"Tresch, John","Anthropology/Methods and Approaches/Hermeneutics           "
9129,"Evolutionary Medicine",NO ISBN FOUND,"Trevathan, Wenda R.","Anthropology/Biological/Physical Anthropology/Medical Anthropology           "
9130,"Cultural Influences on Personality",0066-4354,"Triandis, Harry C.; Suh, Eunkook M.","Social Psychology/Approaches to Social Psychology/Cultural Psychology and CrossCultural Issues           "
9131,"Community Psychology: Individuals and Interventions in Community Context",0066-4355,"Trickett, Edison J.","Social Psychology/Applied Social Psychology/Community, Ethics, and Society           "
9132,"Early Modern Humans",NO ISBN FOUND,"Trinkaus, Erik","Anthropology/Archaeology/Ethnoarchaeology           "
9133,"Modern Human versus Neandertal Evolutionary Distinctiveness",NO ISBN FOUND,"Trinkaus, Erik","Anthropology/Biological/Physical Anthropology/Human Evolution/Anthropogenesis Evolutionary Theory           "
9134,"The New Nation",0345-2328,"Tugwana, Gabu","History/Social and Cultural History/Communication/Media/News Services           "
9135,"Same Sex Couples Creating Households in Old Regime France: The Uses of the Affrèrement",0022-2801,"Tulchin, Allan A.","History/Social and Cultural History/Gender/Activism           /           /Philosophy/Rights and Justice/Human Rights/Contemporary Questions"
9136,"Sociology of Terrorism",0360-0572,"Turk, Austin T.","Sociology/Political Sociology/Theory of Political Sociology           "
9137,"Contesting Globalization on the Waterfront",0032-3292,"Turnbull, Peter","Political Science/Comparative Politics/Social Movements           "
9138,"Outline of a Theory of Human Rights",0038-0385,"Turner, Bryan S.","Philosophy/Rights and Justice/Human Rights/Theory           "
9139,"Human Rights, Human Difference: Anthropology's Contribution to an Emancipatory Cultural Politics",0091-7710,"Turner, Terence","Anthropology/Social/Cultural Anthropology/Social Organization, Identity and Segregation           "
9140,"Sovereignty and Emergency: Political Theology, Islam and American Conservatism",0263-2764,"Turner, Bryan S.","Political Science/Political Theory and Philosophy/Ideology/Conservatism           "
9141,"Fiscal Policy and Growth in a Small and Open Economy with Elastic Labor Supply",0008-4085,"Turnovsky, Stephen J.","Economics/Economic Policy/Fiscal Policy/Theory           "
9142,"The Framing of Decisions and the Psychology of Choice",0036-8075,"Tversky, Amos; Kahneman, Daniel","Economics/Economics as a Social Science/Alternatives to Mainstream Economics/Behavioral Economics           "
9143,"Psychological Perspectives on Legitimacy and Legitimation",0066-4356,"Tyler, Tom R.","Social Psychology/Group Dynamics/Power, Authority, and Domination           "
9144,"Women and Labor Market Changes in the Global Economy: Growth Helps, Inequalities Hurt and Public Policy Matters",0305-750X,"Tzannatos, Zafiris","Economics/Globalization/Globalization and Women           "
9145,"The Changing Face of Methodological Individualism",0360-0572,"Udehn, Lars","Social Psychology/Approaches to Social Psychology/Sociological Approaches           "
9146,"Social Networks in Ghana",NO ISBN FOUND,"Udry, Chris; Conley, Timothy G.","Sociology/Culture and Society/Industrial and Agrarian Societies           /           /Economics/Development/Agrarian Economy and Society/Peasant and Informal Economies"
9147,"Irregular and Illegal Migration Through Ukraine",0020-7985,"Uehling, Greta","History/World/Global History/Migration/Causes/Consequences           "
9148,"Political Party and Party System Institutionalisation in Southeast Asia",NO ISBN FOUND,"Ufen, Andreas","Political Science/Comparative Politics/Political Systems, Processes and Transition/Democracy           "
9149,"The Evolution of Cleavages in the Indonesian Party System",NO ISBN FOUND,"Ufen, Andreas","Political Science/Comparative Politics/Elections, Electoral Systems, and Political Participation/Political Parties, Interest Groups, and Elections           "
9150,"Spontaneous Inferences, Implicit Impressions, and Implicit Theories.",0066-4357,"Uleman, James S; Saribay, S. Adil; Gonzalez, Celia M.","Social Psychology/Social Cognition/Perception, Judgment and Mental Representation           "
9151,"Obesity in Biocultural Perspective",NO ISBN FOUND,"Ulijaszek, Stanley J.; Lofink, Hayley","Anthropology/Biological/Physical Anthropology/Human Adaptation           "
9152,"Trade and Convergence: A Dynamic Panel Data Approach",0038-4038,"Ulusoy, Veysel","Economics/Growth, Allocation and Distribution/Convergence/Divergence           "
9153,"Capital Accumulation, Growth and Structural Change",0255-4607,"United Nations Conference on Trade and Development","Economics/Economic Policy/Development Policy           "
9154,"Policy Coherence, Development Strategies and Integration into the World Economy",0255-4607,"United Nations Conference on Trade and Development","Economics/Development/Development Theory and Critique/Approaches and Prerequisites           "
9155,"Global Partnership and National Policies for Development",0255-4607,"United Nations Conference on Trade and Development","Economics/Globalization/Regulation and Deregulation           "
9156,"On the Ideological Foundations of Environmental Policy",0921-8009,"Underwood, Daniel A.; King, Paul","Economics/Economic Policy/Environment/Theory and Policy Analysis           "
9157,"Diet in Early Homo: A Review of the Evidence and a New Model of Adaptive Versatility",NO ISBN FOUND,"Ungar, Peter S.; Grine, Frederick E.; Teaford, Mark F.","Anthropology/Biological/Physical Anthropology/Human Adaptation           "
9158,"The Japanese and the Emperor: An Unbroken Tradition",0012-8295,"Unknown","History/Political History/Governance/Executive Power           "
9159,"UN-Business Partnerships: Whose Agenda Counts?",92-9085-022-1,"Utting, Peter","Political Science/International Relations/Globalization/Transnational Corporations and Sovereignty           "
9160,"The Maya Codices",NO ISBN FOUND,"Vail, Gabrielle","Anthropology/Archaeology/Historical Archaeology           "
9161,"Brain Damage and the Intellectual Defense of Inequality",0011-3204,"Valentine, Charles A.; Valentine, Bettylou","Anthropology/Biological/Physical Anthropology/Biology, Eugenics, and Racism           "
9162,"An Overview of Research on Gender in Spanish Society",0891-2432,"Valiente, Celia","Sociology/Culture and Society/Gender           "
9163,"All of Africa's Gods are Weeping",0306-3968,"Vallianatos, E. G.","Sociology/Political Sociology/Colonialism and Imperialism           "
9164,"From Museum to Mass Entertainment: The Evolution of the Role of Museums in Cities",0969-7764,"Van Aalst, Irina; Boogaarts, Inez","History/Social and Cultural History/Museums/Museums Study and Theory           "
9165,"Social Policies and Investment in Health",1011-6370,"Vandemoortele, Jan","Economics/Economic Policy/Welfare           "
9166,"The Ecological Basis of Alternative Agriculture",0066-4162,"Vandermeer, John","Economics/Development/Agrarian Economy and Society/Sustainable Agriculture           "
9167,"The Social Differentiation of the Educational System",0038-0385,"Vanderstraeten, Raf","Sociology/Culture and Society/Institutions           "
9168,"Religion in South Asia",NO ISBN FOUND,"Van der Veer, Peter","Anthropology/Social/Cultural Anthropology/Religion           "
9169,"Authoritarian and Libertarian Views of Society",NO ISBN FOUND,"Van Dun, Frank","Political Science/Political Theory and Philosophy/Systems, Legitimacy and Law/Other           "
9170,"The Impact of Development, the Commercialization of Agriculture, and Economic Dependency on Women's Participation in Agricultural Production",0144-333X,"Vanfossen, Beth; Rothstein, Frances","Economics/Development/Women and Children/Labor Issues           "
9171,"Sociology and the Reproductive Self: Demographic Transitions and Modernity",0038-0385,"Van Krieken, Robert","Sociology/Culture and Society/Sociological Theory           "
9172,"International Emergency Medical Services: Assessment of Developing Prehospital Systems Abroad",0736-4679,"VanRooyen, Michael J.; Thomas, Tamara L.; Clem, Kathleen J.","Political Science/Public Administration/Basic Governmental Services/Public Health           "
9173,"NGOs and Human Rights: Sources of Justice and Democracy",0022-197X,"Van Tuijl, Peter","Sociology/Political Sociology/Organizations and Institutions/NGOs           /           /Political Science/International Relations/Poverty, Inequality, and Rights/Human Rights"
9174,"Partial Theories On Gossip, Envy and Ethnography in the Andes",1741-2714,"Van Vleet, Krista","Anthropology/Language and Society/Language Representations and Usage           "
9175,"Latin Gang in the Americas: Los Mara Salvatrucha",1096-8733,"Vaquera, Tony; Bailey, David W.","History/World/Global History/Migration/International Issues           "
9176,"Genomic Comparisons of Humans and Chimpanzees",NO ISBN FOUND,"Varki, Ajit; Nelson, David L.","Anthropology/Biological/Physical Anthropology/Primatology           "
9177,"Globalizing the Rainbow Madonna: Old Time Religion in the Present Age",0263-2764,"Vasquez, Manuel A.; Marquardt, Marie F.","Sociology/Sociology of Religion/Social Change           "
9178,"Choices without Prices without Apologies",0095-0696,"Vatn, Arlid; Bromley, Daniel W.","Economics/Economics as a Social Science/Methods/Measurement  Application           /           /Economics/WellBeing/Evaluation of WellBeing/           /Philosophy/The Environment/Environmental Politics"
9179,"Bipolarity, Multipolarity, and Domestic Political Systems",0022-3433,"Vayrynen, Raimo","Political Science/International Relations/Power, Alliance, Leadership, and Hegemony/World Orders Old and New           "
9180,"Street Children and Political Violence: A Socio-Demographic Analysis of Street Children in Rwanda",0145-2134,"Veale, Angela; Dona, Giorgia","Social Psychology/Applied Social Psychology/Children's Issues           "
9181,"African Development That Works",1569732582,"Veit, Peter G.; Mascarenhas, Adolfo; Ampadu-Agyei, Okyeante","Economics/Development/Ecology and Habitat           "
9182,"The Impact of Consensus Democracy and Corporatism on Socio-Economic Performance in Twenty Developed Countries",NO ISBN FOUND,"Vergunst, Noel","Political Science/Comparative Politics/Political Systems, Processes and Transition/Democracy           "
9183,"Social and Cognitive Variables Predicting Voluntary HIV Counseling and Testing Among Tanzanian Medical Students",0066-4363,"Vermeer, Willemijn; Bos, Arjan E. R.; Mbwamboc, Jessie; Kaaya, Sylvia; Schaalma, Herman P.","Social Psychology/Group Dynamics/Norms, Shared Values, and Beliefs           "
9184,"Migration and other Modes of Transnationalism: Towards Conceptual Cross-Fertilization",NO ISBN FOUND,"Vertovec, Steven","Sociology/Urban Sociology/Migration and Assimilation           "
9185,"Urban Violence and Street Gangs",NO ISBN FOUND,"Vigil, James Diego","Anthropology/Social/Cultural Anthropology/War, Violence, and Hegemony/Violence and Aggression           "
9186,"Free Movement and the Movement's Forgotten Freedoms: South African Representation of Undocumented Migrants",NO ISBN FOUND,"Vigneswaran, Darshan","Anthropology/Social/Cultural Anthropology/Migration, Displacement, and Resettlement           "
9187,"Charisma and Ethnicity in Political Context: A Case Study in the Establishment of a Senegalese Religious Clientele",0001-9720,"Villalon, Leonardo A.","Sociology/Sociology of Religion/Social Change           "
9188,"Empowering the Poor: The Politics of Health and Poverty Reduction Programmes",1011-6370,"Villar, Eugenio","Economics/Globalization/Globalization and Human Capital           "
9189,"Comparing Online Information Effects: A Cross-Cultural Comparison of Online Information and Uncertainty Avoidance",0093-6502,"Vishwanath, Arun","Sociology/Culture and Society/Comparative Cultures           "
9190,"Literacy and Conversion in the Discourse of Hindu Nationalism",0306-3968,"Viswanathan, Gauri","Sociology/Sociology of Religion/Nationalism           "
9191,"Bone Courts: The Rights and Narrative Representations of Tribal Bones",0095-182X,"Vizenor, Gerald","Anthropology/Archaeology/Archaeological Theory/Archaeometry           "
9192,"Relocation Subsidies: Regional Growth Policy or Corporate Welfare?",0486-6134,"Vogel, Richard M.","Economics/Economic Policy/Fiscal Policy/Government Policies           "
9193,"Biodefense: Considering the Sociotechnical Dimension",NO ISBN FOUND,"Vogel, Kathleen M.","Political Science/Public Policy/Health/Biosecurity           "
9194,"Alternatives for the Elimination of Cross-Subsidies: The Case of Brazil",1040-6190,"Voll, Sarah Potts","Economics/Economic Policy/Fiscal Policy/Government Policies           "
9195,"Historical Coevolution of Governance and Technology in the Industrial Revolutions",0954-349X,"Von Tunzelmann, Nick","History/Economic History/Economic Development, Growth, and Aggregate Productivity/Industrialization           "
9196,"Sexuality Studies in Archaeology",NO ISBN FOUND,"Voss, Barbara L.","Anthropology/Archaeology/Historical Archaeology           "
9197,"Gender, Race, and Labor in the Archaeology of the Spanish Colonial Americas",NO ISBN FOUND,"Voss, Barbara L.","Anthropology/Archaeology/Historical Archaeology           "
9198,"What We Do and Don't Know About Trade Liberalization and Poverty Reduction",NO ISBN FOUND,"Vos, Rob","Economics/Globalization/Global Trade           "
9199,"Wheels Within Wheels: Rethinking the Asian Crisis and the Asian Model",NO ISBN FOUND,"Wade, Robert","Political Science/Public Policy/Economic Issues/Economic, Fiscal, and Trade Policy and Politics           "
9200,"What Strategies Are Viable for Developing Countries Today? The World Trade Organization and the Shrinking of 'Development Space'",1842776347,"Wade, Robert Hunter","Economics/Growth, Allocation and Distribution/Growth Issues           "
9201,"Positional Power, Party Politics and Social Security in Mexico: Is Urban Bias Politically Negotiable?",0144-333X,"Wahl, Ana-Maria","Sociology/Political Sociology/The State           "
9202,"A Japanese Perspective on the Universalism vs. Particularism Debate",0890-4758,"Wakabayashi, Judy","Anthropology/Language and Society/Approaches and Interpretations           "
9203,"The Myth of the Nation-State: Theorizing Society and Polities in a Global Era",0038-0385,"Walby, Sylvia","Sociology/Culture and Society/Globalization, Cultures, and Communication           "
9204,"International Policies toward Parental Leave and Child Care",1054-8289,"Waldfogel, Jane","Economics/Economic Policy/Welfare           "
9205,"Superseding Historical Injustice",0014-1704,"Waldron, Jeremy","Philosophy/Rights and Justice/Intergenerational Justice           /           /Political Science/Political Theory and Philosophy/Ethics"
9206,"China and Western Technology in the Late Eighteenth Century",0002-8762,"Waley-Cohen, Joann","History/World/Global History/Borders and Regions/Historical Models           "
9207,"The Interface Between Beliefs and Behavior: Henry Kissinger's Operational Code and the Vietnam War",0022-0027,"Walker, Stephen","Social Psychology/Applied Social Psychology/Nation, State, and Politics           "
9208,"Society and Culture in Sociological and Anthropological Tradition",0952-6951,"Walker, Gavin","Anthropology/Social/Cultural Anthropology/Society, Civilization, and Culture           "
9209,"A Bioarchaeological Perspective on the History of Violence",NO ISBN FOUND,"Walker, Philip L.","Anthropology/Biological/Physical Anthropology/Biology, Eugenics, and Racism           "
9210,"Household Strategies: Their Conceptual Relevance and Analytical Scope in Social Research",0038-0385,"Wallace, Claire Denise","Economics/Economics as a Social Science/Alternatives to Mainstream Economics/Social/ Humanistic/ Contextual Economics           "
9211,"Culture Wars in the Workplace? Cultural Antecedents of Workers' Job Entitlement",0730-8884,"Wallace, Michael; Leicht, Kevin T.","Sociology/Culture and Society/Market Culture           "
9212,"NATO's Price",0015-7120,"Wallander, Celeste A.","Political Science/International Relations/Power, Alliance, Leadership, and Hegemony/Regionalism, Power Blocs, and Hegemony           "
9213,"Unions In Decline? What Has Changed and Why",NO ISBN FOUND,"Wallerstein, Michael; Western, Bruce","Political Science/Comparative Politics/Social Movements           "
9214,"The Curve of American Power",0028-6060,"Wallerstein, Immanuel","History/World/Global History/Empires/Imperialism/Rise/Fall           "
9215,"An Econometric Analysis of Telecom Competition, Privatization, and Regulation in Africa and Latin America",0022-1821,"Wallsten, Scott J.","History/Economic History/Business and Corporations/Energy and Other Services           "
9216,"Masculinity and Undocumented Labor Migration: Injured Latino Day Laborers in San Francisco",0277-9536,"Walter, Nicholas; Bourgois, Philippe; Loinaz, H. Margarita","Anthropology/Social/Cultural Anthropology/Gender           "
9217,"Urban Sociology: The Contribution and Limits of Political Economy",0360-0572,"Walton, John","Sociology/Urban Sociology/Research Issues           "
9218,"The Relationship Between Theory and Policy in International Relations",1094-2939,"Walt, Stephen M.","Political Science/International Relations/Approach, Critique of International Relations Theory, and Methodology           "
9219,"World War II: Why Was This War Different?",0048-3915,"Walzer, Michael","Philosophy/War/Violence and Aggression/Ethical Issues           "
9220,"The Moral Standing of States: A Response to Four Critics",0048-3915,"Walzer, Michael","Philosophy/War/Various Perspectives on War           /           /Political Science/Political Theory and Philosophy/Concepts/NationState"
9221,"Zaire: From the National Conference to the Federal Republic of the Congo?",NO ISBN FOUND,"Wamba-dia-Wamba, Ernest","Political Science/Comparative Politics/Political Systems, Processes and Transition/Democracy           "
9222,"Chinese Village Women as Visual Anthropologists: A Participatory Approach to Reaching Policymakers",0277-9536,"Wang, Caroline; Burris, Mary Ann; Ping, Xiang Yue","Anthropology/Social/Cultural Anthropology/Gender           "
9223,"Psychology in China: A Review",0066-4308,"Wang, Zhong-Ming","Social Psychology/Approaches to Social Psychology/Indigenous, NonWestern and PostColonialist Approaches           "
9224,"The Third Eye: Towards a Critique of 'Nativist Anthropology'",0308-275X,"Wang, Mingming","Anthropology/Methods and Approaches/PostColonialism and Subaltern Views           "
9225,"Worsening Income Gaps and a Sustainable Future",0306-8293,"Ward, Richard J.","Economics/Globalization/Globalization: Positive Development Impacts           "
9226,"Moments of Danger: Race, Gender, and Memories of Empire",0018-2656,"Ware, Vron","History/Social and Cultural History/Gender/Feminist Theory           "
9227,"High Society in a Workers' Society: Work, Community and Kibbutz",0038-0385,"Warhurst, Christopher","Sociology/Family and Kinship/Evolution of the Family / Family Structure           "
9228,"A Calling to Account",0802082602,"Waring, Marilyn J.","Economics/Economics as a Social Science/Methods/Measurement  Application           "
9229,"The Boundary of Conception",0802082602,"Waring, Marilyn J.","Economics/Economics as a Social Science/Methods/Measurement  Application           "
9230,"The Eye of the Beholder: The UNSNA as Applied Patriarchy and How the UNSNA Makes Women Invisible",0802082602,"Waring, Marilyn J.","Economics/Economics as a Social Science/Methods/Measurement  Application           "
9231,"If Counting Was the Limit of Intelligence: My Search for an Alternative to the UNSNA",0802082602,"Waring, Marilyn J.","Economics/Economics as a Social Science/Methods/Measurement  Application           "
9232,"Environment, Health, and Gender in Latin America: Trends and Research Issues",0013-9351,"Wasserman, Ellen","Sociology/Urban Sociology/Environmental Issues           "
9233,"Social-Movement Unionism: A New Union Model for a New World Order",0147-9032,"Waterman, Peter","Sociology/Political Sociology/Social Movements/Struggles of the Oppressed           "
9234,"Social Movement Unionism: The Case of South Africa",0950-0170,"Von Holdt, Karl","Social Psychology/Applied Social Psychology/Colonialism, Oppression, and Resistance           "
9235,"The Venues of Influence: A New Theory of Political Control of the Bureaucracy",1053-1858,"Waterman, Richard W.; Rouse, Amelia; Wright, Robert","Political Science/Public Administration/Citizens, Bureaucrats, and Politicians           "
9236,"The Persistence of Subsistence and the Limits to Development Studies: The Challenge of Tanzania",0001-9720,"Waters, Tony","Economics/Globalization/Globalization: Negative Development Impacts           "
9237,"Language of Response and the Spontaneous Self-Concept: A Test of the Cultural Accommodation Hypothesis",0022-0221,"Watkins, David; Gerong, Andres","Social Psychology/Social Cognition/Perception, Judgment and Mental Representation           "
9238,"Literacy for Health: An Interdisciplinary Model",1043-6596,"Watters, Elisa K.","Anthropology/Language and Society/Human Welfare           "
9239,"Federalism, Federal Political Systems, And Federations",NO ISBN FOUND,"Watts, Ronald","Political Science/Political Theory and Philosophy/Systems, Legitimacy and Law/Other           "
9240,"Righteous Oil? Human Rights, The Oil Complex, And Corporate Social Responsibility",1543-5938,"Watts, Michael J.","History/Economic History/Business and Corporations/Energy and Other Services           /           /Economics/Development/Markets/Corporate Social and Environmental Impacts"
9241,"The Failure of Pharmaceuticals and the Power of Plants: Medicinal Discourse as a Critique of Modernity in the Amazon",0277-9536,"Wayland, Coral","Anthropology/Social/Cultural Anthropology/Westernization and Modernity           "
9242,"Water and Food Insecurity in Developing Countries:Major Challenges for the 21st Century",NO ISBN FOUND,"Webb, Patrick","Economics/Development/Population and Quality of Life/Environment           "
9243,"Unveiling Scheherazade: Feminist Orientalism in the International Alliance of Women, 1911-1950",0046-3663,"Weber, Charlotte","History/Social and Cultural History/Gender/Activism           "
9244,"Making a Living, Earning a Living: Work and Employment in Southern Africa",0192-5121,"Webster, Edward","Economics/Development/Poverty and Inequality/Income and Employment           "
9245,"Looters, Rent-Scrapers and Dividend-Collectors: Corruption and Growth in Zaire, South Korea and the Philippines",0022-037X,"Wedeman, Andrew","Political Science/Public Administration/Efficiency/Corruption           "
9246,"The Moral Evil Demons",NO ISBN FOUND,"Wedgwood, Ralph","Philosophy/Rights and Justice/Ethical Theory/Problems for Modern Ethical Theory           "
9247,"Wages, Employment and Workers' Rights in Latin America, 1970-98",0020-7780,"Weeks, John","Economics/Economic Policy/Neoliberal Regime           "
9248,"A Search for Balance: Pharmaceuticals in Sri Lanka: Pioneering Steps in a Receptive Environment and Subsequent Accommodations",NO ISBN FOUND,"Weerasuriya, Krisantha","Political Science/Public Policy/Health/Public Health Policy           "
9249,"Nature, Harmony, and the Kaliyugaya: Global/Local Discourses on the Human-Environment Relationship",0011-3204,"Weeratunge, Nireka","Anthropology/Methods and Approaches/Idealism           "
9250,"Sexual Orientation Discrimination in Hiring",0927-5371,"Weichselbaumer, Doris","Economics/Growth, Allocation and Distribution/Economics of Discrimination           "
9251,"The “Moral Universal” from the Perspectives of East Asian Thought",0031-8221,"Wei-Ming, Tu","Sociology/Sociology of Religion/Ideology and Utopia           "
9252,"Televisualist Anthropology: Representation, Aesthetics, Politics",0011-3204,"Weiner, James F.","Anthropology/Social/Cultural Anthropology/Traditional and Tribal Societies           "
9253,"Openness, Specialization, and Productivity Growth in Less Developed Countries",0008-4085,"Weinhold, Diana; Rauch, James E.","Economics/Growth, Allocation and Distribution/Factors of Growth/Productivity           "
9254,"Reviewed of Kwame Anthony Appiah, The Ethics of Identity",0014-1704,"Weinstock, Daniel","Philosophy/Rights and Justice/Ethical Theory/Utilitarianism           "
9255,"Poverty, Development, and Sustainability",1092-6534,"Weir, Jack","Philosophy/The Environment/Systemic Issues           "
9256,"From Foraging to Farming: Explaining the Neolithic Revolution",0950-0804,"Weisdorf, Jacob L.","History/Economic History/Agriculture, Natural Resources, and Extractive Industries/Food and Famine           "
9257,"Coming to Terms with Human Variation",0084-6570,"Weiss, Kenneth M.","Anthropology/Biological/Physical Anthropology/Human Biology, Genetic Diversity and Human Physical Variety           "
9258,"Whose Bank is it Anyway? The Importance of Unemployment and the Stock Market for Monetary Policy",0486-6134,"Weller, Christian E.","Economics/Economic Policy/Monetary Policy           "
9259,"Eyewitness testimony",0066-4358,"Wells, Gary L.; Olson, Elizabeth A.","Social Psychology/Social Cognition/Perception, Judgment and Mental Representation           "
9260,"Gender and Sexual Harassment",0360-0572,"Welsh, Sandy","Sociology/Culture and Society/Gender           "
9261,"Reconstructing Capital: The American Roots and Humanist Vision of Marx's Thought",0026-3451,"Welsh, John F.","Economics/Economics as a Social Science/Economic Ideas/Marx and Marxism           "
9262,"Why a World State is Inevitable: Teleology and the Logic of Anarchy",1354-0661,"Wendt, Alexander","Political Science/International Relations/Approach, Critique of International Relations Theory, and Methodology           "
9263,"Prehistories of Commodity Branding",NO ISBN FOUND,"Wengrow, David","Anthropology/Social/Cultural Anthropology/Subsistence and Economic Practices, Organization, and Structure/Economics and Culture           /           /History/Social and Cultural History/Consumerism/Consumption"
9264,"Managing the Adverse Thermal Effects of Urban Development in a Densely Populated Chinese City",0301-4797,"Weng, Qihao; Yang, ShiHong","History/Environmental History/Environmental Destruction           "
9265,"World music: A medium for unity and difference?",NO ISBN FOUND,"Wergin, Carsten","Anthropology/Social/Cultural Anthropology/Culture/Evolution of Culture           "
9266,"The Role of the Independent Alternative Grassroots Media in South Africa: A Personal Perspective",0345-2328,"Wessels, Elsabe","History/Social and Cultural History/Communication/Media/News Services           "
9267,"Cultural Materialism: Food for Thought or Bum Steer?",0011-3204,"Westen, Drew","Anthropology/Methods and Approaches/Cultural Materialism           "
9268,"A Japanese Contribution to the Critique of Rational Choice Marxism",0037-802X,"Westra, Richard","Economics/Economics as a Social Science/Economic Ideas/Marx and Marxism           "
9269,"Doing Gender",0891-2432,"West, Candace; Zimmerman, Don H.","History/Social and Cultural History/Gender/Construction of Gender           "
9270,"Economic Integration: Three Actors on the International Stage",0029-7054,"West, John","Economics/Economic Policy/Trade/Trade Regimes and Agreements           "
9271,"Ecotourism and Authenticity: Getting Away from it All?",0011-3204,"West, Paige; Carrier, James G.","Anthropology/Social/Cultural Anthropology/Ecology and Resource Conservation           "
9272,"Parks and Peoples: The Social Impact of Protected Areas",NO ISBN FOUND,"West, Paige; Igoe, James; Brockington, Dan","Anthropology/Social/Cultural Anthropology/Ecology and Resource Conservation           "
9273,"Expanding the Groupthink Explanation to the Study of Contemporary Cults",0748-6499,"Wexler, Mark N.","Social Psychology/Group Dynamics/Inter and IntraGroup Dynamics           "
9274,"Globalization and Values",NO ISBN FOUND,"Whalley, John","Sociology/Culture and Society/Globalization, Cultures, and Communication           /           /History/Economic History/History of Economic Thought/Mainstream U.S. Influences on Economic Thought"
9275,"Rationality, Irrationality and Economic Cognition",NO ISBN FOUND,"Whalley, John","Economics/WellBeing/Human Development/Health and Welfare           /           /History/Economic History/History of Economic Thought/Mainstream U.S. Influences on Economic Thought"
9276,"Introduction: Some Insights from Western Social Theory",0305-750X,"Whitehead, Laurence","Economics/Economics as a Social Science/Economic Ideas/Other           "
9277,"The Search for History in the Native Caribbean and South America",0028-9930,"Whitehead, Neil L.","History/Political History/Colonial/Postcolonial History           "
9278,"The Historical Roots of Our Ecological Crisis",0036-8075,"White, Lynn Jr.","Economics/Globalization/Global Environmental Issues/Ecology and Resources           "
9279,"From the Politics of Poverty to the Politics of Identity? Child Rights and Working Children in Bangladesh",0954-1748,"White, Sarah","History/Social and Cultural History/Childhood/Children's Rights           "
9280,"Currency Competition and Consumer-Driven Unification",0273-3072,"White, Lawrence H.","Economics/Economic Policy/Market Formation and Regulation           "
9281,"Global Governance as the Friendly Face of Unaccountable Power",0967-0106,"Whitman, Jim","Political Science/Political Theory and Philosophy/Power, Alliance, and Hegemony/Authority and Power           "
9282,"Weight and Welfare of Australians, 1890-1940",0004-8992,"Whitwell, Greg; Nicholas, Stephen","History/Social and Cultural History/Health, Education, and WellBeing           "
9283,"Women Peasants, Food Security and Biodiversity in the Crisis of Neoliberalism",0345-2328,"Wichterich, Christa","Economics/Development/Women and Children/Health and Welfare           "
9284,"Sharing By Default?: Outline of an Anthropology of Virtue",1463-4996,"Widlok, Thomas","Anthropology/Methods and Approaches/Cultural Particularism, Universalism, and Relativism           "
9285,"The Vines of Complexity: Egalitarian Structures and the Institutionalization of Inequality among the Enga",0011-3204,"Wiessner, Polly","Anthropology/Social/Cultural Anthropology/Political Practices, Organization, and Structure/Institutions           "
9286,"Sociology, Modernity and the Globalization of Environmental Change",0268-5809,"Wilenius, Markku","Sociology/Culture and Society/Westernization           "
9287,"A Critical Archaeology Revisited",0011-3204,"Wilkie, Laurie A.; Bartoy, Kevin M.","Anthropology/Archaeology/Archaeological Theory/Archaeometry           "
9288,"Long-Term Trends in American Wealth Inequality",0226764540,"Williamson, Jeffrey G.; Lindert, Peter H.","Economics/Growth, Allocation and Distribution/Economics of Distribution           "
9289,"The Evolution of Communication",0831-5698,"Williams, Cara","History/Social and Cultural History/Communication/Media/Modern Media           "
9290,"Ostracism",0066-4359,"Williams, Kipling D","Social Psychology/Group Dynamics/InGroup/OutGroup Dynamics           "
9291,"A New Look at Global Forest Histories of Land Clearing",1543-5938,"Williams, Michael","History/Environmental History/Forests/Deforestation           "
9292,"Far Away, So Close: Some Notes on Participant Observation During Fieldwork in Nepal and England",NO ISBN FOUND,"Wilmore, Mike","Anthropology/Methods and Approaches/Ethnological Approaches and Participant Observation           "
9293,"Racial Antagonisms and Race-Based Social Policy",0394579356,"Wilson, William Julius","Sociology/Urban Sociology/Poverty, Inequality, and Discrimination           "
9294,"Ghetto-Related Behavior and the Structure of Opportunity",0394579356,"Wilson, William Julius","Economics/Economics as a Social Science/Capitalism and Culture/Culture and the Economy           "
9295,"The Anthropology of Online Communities",NO ISBN FOUND,"Wilson, Samuel M.; Peterson, Leighton C.","Anthropology/Social/Cultural Anthropology/Media and Technology           "
9296,"Educational Rights of Persons Belonging to National Minorities",1385-4879 (Paper) 1571-8115 (Online),"Wilson, Duncan","Political Science/Public Policy/Social Welfare/Human Rights           "
9297,"Intergroup Relations in Chimpanzees",NO ISBN FOUND,"Wilson, Michael L.","Anthropology/Biological/Physical Anthropology/Primatology           "
9298,"Methodological nationalism and beyond: nation-state building, migration and the social sciences",NO ISBN FOUND,"Wimmer, Andreas","Political Science/Political Theory and Philosophy/Concepts/Other           "
9299,"Methodological Nationalism, the Social Sciences, and the Study of Migration: An Essay in Historical Epistemology",NO ISBN FOUND,"Wimmer, Andreas; Schiller, Nina Glick","About Social Science/Ways of Doing Social Science           /           /Political Science/International Relations/Globalization/Migration"
9300,"Community Based Collaboration for Environmental Justice: South-East Halifax Environmental Reawakening",0956-2478,"Wing, Steve; Grant, Gary; Green, Merle; Stewart, Chris","History/Environmental History/Environmental Justice           "
9301,"An Emergency Response System for the International Community: Commentary on The Politics of Rescue",0892-6794,"Winston, Morton","Philosophy/War/International Intervention/Sovereignty           "
9302,"Community Control in a Global Economy: Lessons from Mexico's Economic Integration Process",NO ISBN FOUND,"Wise, Timothy A.; Waters, Eliza","Economics/Globalization/Global Trade           /           /GDAE/Globalization and Trade/           /GDAE/Economics as a Social Science"
9303,"The Paradox of Agricultural Subsidies: Measurement Issues, Agricultural Dumping, and Policy Reform",NO ISBN FOUND,"Wise, Timothy A.","Economics/Economic Policy/Food and Agricultural Policies           /           /GDAE/Globalization and Trade/           /GDAE/Agricultural Policy"
9304,"Identifying the Real Winners from U.S. Agricultural Policies",NO ISBN FOUND,"Wise, Timothy A.","Economics/Economic Policy/Food and Agricultural Policies           /           /GDAE/Agricultural Policy"
9305,"Policy Space for Mexican Maize: Protecting Agro-biodiversity by Promoting Rural Livelihoods",NO ISBN FOUND,"Wise, Timothy A.","Economics/Globalization/Food and Agriculture           /           /GDAE/Agricultural Policy"
9306,"Negotiating a Passage Between Disciplinary Borders",NO ISBN FOUND,"Wissoker, Ken; Anderson, Lisa; Appadurai, Arjun; Bender, Thomas; Goldfarb, Jeffrey; Lamont, Michele; Guetzkow, Joshua","About Social Science/Ways of Doing Social Science           "
9307,"Developing International Rules for Foreign Investment: OECD's Multilateral Agreement on Investment",0007-666X,"Witherell, William H.","Economics/Globalization/Foreign Direct Investment           /           /Political Science/International Relations/Global Treaties and Institutions/Multilateral Institutions and Treaties"
9308,"Information Sharing",NO ISBN FOUND,"Wittenbaum, Gwen M.","Social Psychology/Group Dynamics/Group Communication           "
9309,"Social Theory and Global History: The Three Cultural Crystallizations",0725-5136,"Wittrock, Bjorn","Sociology/Culture and Society/Modernity and Tradition           "
9310,"Discourse and Racism: European Perspectives",0084-6570,"Wodak, R.; Reisigl, M.","Anthropology/Language and Society/Race           "
9311,"On Wu Mi's Conservatism",1066-7210,"Woei, Ong Chang","Political Science/Political Theory and Philosophy/Ideology/Conservatism           "
9312,"History and Imperialism: A Century of Theory, from Marx to Postcolonialism",0002-8762,"Wolfe, Patrick","History/World/Global History/Empires/Imperialism/Historiography           "
9313,"Land, Labor, and Difference: Elementary Structures of Race",0002-8762,"Wolfe, Patrick","History/Political History/Race/Racism           /           /Philosophy/Rights and Justice/Human Rights/Contemporary Questions"
9314,"Do Parents Help More Their Less Well-off Children?: Evidence from a Sample of Migrants to France",NO ISBN FOUND,"Wolff, Francois-Charles; Spilerman, Seymour; Attias-Donfut, Claudine","Sociology/Family and Kinship/WellBeing and Family           "
9315,"Edible Ideology? Survival Strategies in Brazilian Land-Reform Settlements",0016-7428,"Wolford, Wendy","Sociology/Political Sociology/Social Movements/Struggles of the Oppressed           "
9316,"Neoliberalism and International Financial Instability",0486-6134,"Wolfson, Martin H.","Economics/Globalization/Global Neoliberal Regime           "
9317,"Perilous Ideas: Race, Culture, People",0011-3204,"Wolf, Eric R.","Anthropology/Methods and Approaches/Cultural Particularism, Universalism, and Relativism           "
9318,"Women's Body Image Theory and Research: A Hermeneutic Critique",0002-7642,"Wolszon, Linda Ridge","Social Psychology/Approaches to Social Psychology/Deconstructionism and PostModernism           "
9319,"Consumption and Vulnerability Among Foragers and Horticulturalists in the Rainforests of Honduras",0305-750X,"Wong, Grace Y.; Godoy, Ricardo","Anthropology/Social/Cultural Anthropology/Subsistence and Economic Practices, Organization, and Structure/Wealth and Poverty           "
9320,"Building on Weber to Understand Governance: Exploring the Links between Identity, Democracy and 'Inner Distance'",0038-0385,"Woods, Phillip A.","Sociology/Political Sociology/Authority           "
9321,"Openness and Wage Inequality in Developing Countries: The Latin American Challenge to East Asian Conventional Wisdom",0258-6770,"Wood, Adrian","Economics/Growth, Allocation and Distribution/Labor and Employment/Wages           /           /Economics/Globalization/Inequality"
9322,"Attitude Change: Persuasion and Social Influence",0066-4360,"Wood, Wendy","Social Psychology/Social Cognition/Marketing, Persuasion, and Propaganda           "
9323,"An Insurgent Path to Democracy: Popular Mobilization, Economic Interests, and Regime Transition in South Africa and El Salvador",0010-4140,"Wood, Elisabeth Jean","Political Science/Comparative Politics/Social Movements           "
9324,"Globalization: Its Nature and Impact",8973564609,"World Commission on the Social Dimension of Globalization","Economics/Globalization/Evaluation and Assessment of Globalization           /           /Political Science/International Relations/Power, Alliance, Leadership, and Hegemony/World Orders Old and New"
9325,"Mobilizing Action for Change",8973564609,"World Commission on the Social Dimension of Globalization","Economics/Globalization/Multilateral Institutions: Other           /           /Political Science/International Relations/NorthSouth Relations and Politics of Development"
9326,"Natural Resource Consumption",0195210441,"World Resources Institute","Economics/Globalization/Culture and Consumption           "
9327,"Linguistic Anthropology of Education",NO ISBN FOUND,"Wortham, Stanton","Anthropology/Language and Society/Education           "
9328,"The Impact of Remittances on Economic Growth and Development in Africa",NO ISBN FOUND,"Fayissa, Bichaka; Nsiah, Christian","Economics/Growth, Allocation and Distribution/Factors of Growth/Case Studies           "
9329,"Slavery and American Agricultural History",0002-1482,"Wright, Gavin","History/Economic History/Labor and Employment History/Slavery, Forced Labor, and Reform Movements           "
9330,"The Myth of the Resource Curse",0577-5132,"Wright, Gavin; Czelusta, Jesse","History/Economic History/Agriculture, Natural Resources, and Extractive Industries/Mining           "
9331,"Technology and Sovereignty",0015-7120,"Wriston, Walter B.","Economics/Economic Policy/Technology           "
9332,"Identity in World History: A Postmodern Perspective",0018-2656,"Wurgaft, Lewis D.","History/World/Global History/Concept/Critique           "
9333,"The Global Joint Distribution of Income and Health",NO ISBN FOUND,"Wu, Ximing","Economics/WellBeing/Human Development/Health and Welfare           "
9334,"The Rise of Nationalism at the Afghan Court, 1903-1914",0030-9796,"Wyatt, Christopher M.","History/Political History/Ideology and Regimes/Nationalism/National Identity           "
9335,"Who Controls China's Courts?",1068-4166,"Qiao, Xinsheng","Economics/Economic Policy/Institutions/Justice           "
9336,"Popular Sovereignty and Nationalism",0090-5917,"Yack, Bernard","Political Science/Comparative Politics/Political Systems, Processes and Transition/Nationalism and Nation Building           "
9337,"Stories of Error and Vice Matter: Path Dependence, Paul David, and Efficiency and Optimality in Economics",NO ISBN FOUND,"Yalcintas, Altug","Economics/Economics as a Social Science/Psychology and Behavior           /           /Economics/Economics as a Social Science/Economic Ideas/Topics in the History of Thought"
9338,"Chinese Conversion to Evangelical Christianity: The Importance of Social and Cultural Contexts",1069-4404,"Yang, Fenggang","Sociology/Sociology of Religion/Identity           "
9339,"Communication Slips and their Sociocultural Implications",0271-5309,"Yang, Shang","Social Psychology/Group Dynamics/Group Communication           "
9340,"Macroeconomic Policy Lessons of Labor Market Friction",0014-2921,"Yashiv, Eran","Economics/Economic Policy/Labor Markets           "
9341,"Cleansing Islam from the Public Sphere",0022-197X,"Yavuz, M. Hakan","Sociology/Sociology of Religion/Nationalism           "
9342,"The Continuing Importance of Trade Liberalization",0007-666X,"Yellen, Janet L.","Economics/Economic Policy/Neoliberal Regime           "
9343,"The Anthropology of Afro-Latin America and the Caribbean: Diasporic Dimensions",NO ISBN FOUND,"Yelvington, Kevin A.","Anthropology/Social/Cultural Anthropology/Migration, Displacement, and Resettlement           "
9344,"Kinship, Ethnicity, and Religion in Post-Communist Societies: Russia's Autonomous Republic of Kabardino-Balkariya",1468-7968,"Yemelianova, Galina M.","Political Science/Public Policy/Social Welfare/Race Issues           "
9345,"The Limits to Globalization Theory: A Geographic Perspective on Global Economic Change",0013-0095,"Yeung, Henry Wai-Chung","Economics/Globalization/Evaluation and Assessment of Globalization           "
9346,"Place, National Identity and Post-Socialist Transformations: An Introduction",0962-6298,"Young, Craig; Light, Duncan","Political Science/Comparative Politics/Political Systems, Processes and Transition/Nationalism and Nation Building           "
9347,"Private Pain/Public Peace: Women's Rights as Human Rights and Amnesty International's Report on Violence against Women",NO ISBN FOUND,"Youngs, Gillian","Anthropology/Social/Cultural Anthropology/Gender           "
9348,"Is the Entropy Law Relevant to the Economics of Natural Resource Scarcity? ",0095-0696,"Young, Jeffrey T.","Economics/Economics as a Social Science/Alternatives to Mainstream Economics/Ecological/ Sustainability Approach           "
9349,"Egalitarianism and Personal Desert",0014-1704,"Young, Robert","Philosophy/Rights and Justice/Distributive Justice/Economic Structure and Distribution           "
9350,"Where Silenced Voices Speak Out: The Hidden Power of Informal Communication Networks",8755-4550,"Young, Stacy L.","Sociology/Family and Kinship/Domestic Violence           "
9351,"Democracy in Africa?",0001-9720,"Young, Tom","Political Science/Political Theory and Philosophy/Systems, Legitimacy and Law/Democracy           "
9352,"First Language First: Literacy Education for the Future in a Multilingual Philippine Society",1367-0050,"Young, Catherine","Anthropology/Language and Society/Education           "
9353,"The Political Economy of Interwar Egyptian Cotton Policy",0014-4983,"Yousef, Tarik M.","History/Economic History/Economic Planning and Policy           "
9354,"Egypt's Growth Performance under Economic Liberalism: A Reassessment with New GDP Estimates, 1886-1945",0034-6586,"Yousef, Tarik M.","History/Economic History/Economic Development, Growth, and Aggregate Productivity/National Development           "
9355,"Necro-Utopia: The Politics of Indistinction and the Aesthetics of the Non-Soviet",NO ISBN FOUND,"Yurchak, Alexei","Anthropology/Social/Cultural Anthropology/Political Practices, Organization, and Structure/Civil Society and the State           "
9356,"Frank H. Knight's Thought Revisited: Subjectivism, Interpretation and Social Economics",0306-8293,"Yu, Tony Fu-Lai","History/Economic History/History of Economic Thought/Mainstream U.S. Influences on Economic Thought           "
9357,"A Note on the Hicksian Concept of Income",NO ISBN FOUND,"Zacharias, Ajit","Economics/Economics as a Social Science/Methods/Measurement  Application           /           /Economics/Growth, Allocation and Distribution/Economics of Distribution"
9358,"Cheap Chickens: Feeding Africa's Poor",NO ISBN FOUND,"Zachary, G. Pascal","Economics/Economic Policy/Food and Agricultural Policies           "
9359,"Patriarchal Struggles and State Practices: A Feminist, Political-Economic View",0891-2432,"Zajicek, Anna M.; Calasanti, Toni M.","Political Science/Political Theory and Philosophy/Poverty, Inequality, and Rights/Politics of Gender           /           /Political Science/Comparative Politics/Cultural, Ethnic and Gender Politics and Movements/Gender Politics"
9360,"Islamic Economics: A Survey of the Literature",NO ISBN FOUND,"Zaman, Asad","Economics/Economics as a Social Science/Alternatives to Mainstream Economics/Religious Approach           "
9361,"Islamic Economics: A Survey of the Literature",NO ISBN FOUND,"Zaman, Asad","History/Economic History/History of Economic Thought/Worldwide           "
9362,"University Education, Party Seniority, and Elite Recruitment in China",0049-089X,"Zang, Xiaowei","Sociology/Political Sociology/Elites           "
9363,"She Didn't Raise Her Boy to Be a Slacker: Motherhood, Conscription, and the Culture of the First World War",0046-3663,"Zeiger, Susan","History/Social and Cultural History/Childhood/Childrearing and Parenting           "
9364,"Distributive Justice and the Argument for an Unconditional Basic Income",1053-5357,"Zelleke, Almaz","Philosophy/Rights and Justice/Distributive Justice/Economic Structure and Distribution           "
9365,"China's New Rural Daughters Coming of Age: Downsizing the Family and Firing Up Cash Earning Power in the New Economy",0097-9740,"Zhang, Hong","Sociology/Culture and Society/Gender           /           /Economics/Development/Women and Children/Labor Issues"
9366,"Worker Remittances and Government Behaviour in the Receiving Countries",NO ISBN FOUND,"Ziesemer, Thomas","Economics/Globalization/Globalization and Human Capital           "
9367,"A Rostovian Model of Endogenous Growth and Underdevelopment Traps",0014-2921,"Zilibotti, Fabrizio","Economics/Development/Development Theory and Critique/Theory           "
9368,"Colonialism and the Holocaust - Towards an Archeology of Genocide",0345-2328,"Zimmerer, Jurgen","History/Political History/Colonial/Postcolonial History           /           /Philosophy/War/Violence and Aggression/Torture and Genocide"
9369,"Orphan Living Situations in Malawi: A Comparison of Orphanages and Foster Homes",1541-132X,"Zimmerman, Brigitte","History/Social and Cultural History/Childhood/Orphanages           "
9370,"Trends of International Migration Since 1965: What Existing Data Reveal",0020-7985,"Zlotnik, Hania","History/World/Global History/Migration/Migration Patterns           "
9371,"The Failure of the Authoritarian Developmentalist Regimes and the Emergence of Radical Protest Movements in the Middle East and Africa: The Case of Algeria",8755-3449,"Zoubir, Yahia H.","Political Science/Comparative Politics/Social Movements           "
9372,"Population and African Society",0360-0572,"Zuberi, Tukufu; Sibanda, Amson; Bawah, Ayaga; Noumbissi, Amadou","Sociology/Urban Sociology/Demographics           "
9373,"Consumers and Consumption",0360-0572,"Zukin, Sharon; Maguire, Jennifer Smith","Sociology/Culture and Society/Globalization, Cultures, and Communication           "
9374,"Political Religion: The Case of the Cultural Revolution in China",0038-0210,"Zuo, Jiping","Sociology/Sociology of Religion/Ethics and Politics           "
9375,"What Works in Fighting Diarrheal Diseases in Developing Countries? A Critical Review",NO ISBN FOUND,"Zwane, Alix Peterson","Economics/WellBeing/Human Development/Health and Welfare           "
